<?xml version="1.0" encoding="ISO-8859-1"?>
<metadata>
	<idinfo>
		<citation>
			<citeinfo>
				<origin>Department of Conservation Bureau of Parks and Land, Land Use Regulatory Commission, Department of Inland Fisheries and Wildlife and State Planning Office</origin>
				<pubdate>20100224</pubdate>
				<pubtime>Unknown</pubtime>
				<title>conserved_lands</title>
				<geoform>vector digital data</geoform>
				<serinfo>
					<sername>MESPO.conserved_lands</sername>
				</serinfo>
				<pubinfo>
					<pubplace>Augusta ME</pubplace>
					<publish>Maine Office of Geographic Information Systems (MEGIS)</publish>
				</pubinfo>
				<onlink>http://megis.maine.gov/catalog/catalog.asp</onlink>
			</citeinfo>
		</citation>
		<descript>
			<abstract>Conserved Lands contains conservation lands ownership  boundaries at 1:24,000 scale for Maine land in federal, state, municipal and non-profit ownership with easements.  State, county, town, and coast boundary data were obtained from MEGIS town boundary dataset METWP24. 1:24,000 US Geological Survey (USGS) digital line graph data was used for hydrography and transportation features.  Where state, county, and town boundaries were coincident with property boundaries, the coincident features were taken from METWP24.   Where hydrography, roads, railroads and power-lines  were coincident with property boundaries, the coincident features were taken from 1:24,000 digital line graph data.  The ownership lines do not represent legal boundaries nor are the ownership lines a survey. Conserved Lands is an inventory of approximate property boundaries.</abstract>
			<purpose>
Conserved Lands was created to provide GIS coverage for the conservation lands database. The ownership lines do not represent legal boundaries nor are the ownership lines a survey.  The data contained in Conserved Lands is an inventory only.  Users must assume responsibility in determining the usability of this data for their purposes. Data at this scale is suitable for local and regional planning.
Original mapping was produced in 1989, updated in 1993 by R.D. Kelly Jr. of the State Planning Office.
</purpose>
			<supplinf>If the field EDITOR is blank or NULL and the PROJECT and PARCELNAME fields are in capitals the polygon has not been edited.</supplinf>
		</descript>
		<timeperd>
			<timeinfo>
				<sngdate>
					<caldate>20110309</caldate>
					<time>unknown</time>
				</sngdate>
			</timeinfo>
			<current>publication date</current>
		</timeperd>
		<status>
			<progress>In work</progress>
			<update>Continually</update>
		</status>
		<spdom>
			<bounding>
				<westbc>-71.144612</westbc>
				<eastbc>-66.849815</eastbc>
				<northbc>47.460074</northbc>
				<southbc>42.97492</southbc>
			</bounding>
		</spdom>
		<keywords>
			<theme>
				<themekt>Maine GIS Thersaurus-Theme</themekt>
				<themekey>conservation lands</themekey>
				<themekey>LMF lands</themekey>
				<themekey>boundaries</themekey>
				<themekey>conservation</themekey>
				<themekey>easements</themekey>
				<themekey>environment</themekey>
				<themekey>planning</themekey>
				<themekey>society</themekey>
				<themekey>ownership</themekey>
				<themekey>public access</themekey>
				<themekey>Land for Maine's Future</themekey>
			</theme>
			<place>
				<placekt>None</placekt>
				<placekey>Maine, USA</placekey>
			</place>
			<stratum>
				<stratkt>None</stratkt>
				<stratkey>human dimensions</stratkey>
			</stratum>
		</keywords>
		<accconst>Conserved lands is not to be used for legal conveyances of land or for precise boundary locations.</accconst>
		<useconst>None</useconst>
		<ptcontac>
			<cntinfo>
				<cntorgp>
					<cntorg>(MEDOCLURC) Maine Department of Conservation Land Use Regulation Commission</cntorg>
					<cntper>Ellen Jackson</cntper>
				</cntorgp>
				<cntpos>Programmer Analyst</cntpos>
				<cntaddr>
					<addrtype>mailing address</addrtype>
					<address>SHS 22</address>
					<city>Augusta</city>
					<state>ME</state>
					<postal>04333</postal>
					<country>USA</country>
				</cntaddr>
				<cntvoice>(207) 287-4943</cntvoice>
				<cntemail>Ellen.Jackson@maine.gov</cntemail>
			</cntinfo>
		</ptcontac>
		<datacred>Department of Conservation Bureau of Parks and Land, Land Use Regularty Commission, Department of Inland Fisheries and Wildlife, State Planning Office</datacred>
		<secinfo>
			<secclass>Unclassified</secclass>
		</secinfo>
		<native>Microsoft Windows XP Version 5.1 (Build 2600) Service Pack 2; ESRI ArcCatalog 9.2.6.1500</native>
	</idinfo>
	<dataqual>
		<attracc>
			<attraccr>Attribute accuracy is tested by manual comparison of the source with hard copy printouts and/or symbolized display of digital files. Please report errors to MESPO.</attraccr>
		</attracc>
		<complete>The conservation lands database is reasonably complete.  Ownership lines in this coverage do not represent legal boundaries.</complete>
		<posacc>
			<horizpa>
				<horizpar>Approximate horizontal accuracy is 12 meters, assuming source data meets National Map Accuracy Standards.</horizpar>
			</horizpa>
		</posacc>
		<lineage>
			<srcinfo>
				<srccite>
					<citeinfo>
						<origin>Maine Office of Geographic Information Systems (MEGIS)</origin>
						<pubdate>20070701</pubdate>
						<pubtime>Unknown</pubtime>
						<title>metwp24</title>
						<geoform>vector digital data</geoform>
						<serinfo>
							<sername>Maine GIS</sername>
							<issue>SDE server; Internet Data Catalog</issue>
						</serinfo>
						<pubinfo>
							<pubplace>Augusta ME</pubplace>
							<publish>Maine Office of Geographic Information Systems</publish>
						</pubinfo>
						<othercit>1:24000</othercit>
						<onlink>http://megis.maine.gov/catalog/</onlink>
					</citeinfo>
				</srccite>
				<srcscale>24000</srcscale>
				<typesrc>online</typesrc>
				<srctime>
					<timeinfo>
						<rngdates>
							<begdate>19480101</begdate>
							<begtime>unknown</begtime>
							<enddate>20050822</enddate>
							<endtime>unknown</endtime>
						</rngdates>
					</timeinfo>
					<srccurr>source dates</srccurr>
				</srctime>
				<srccitea>24k</srccitea>
				<srccontr>Data, from MEGIS.METWP24P was used, as base data in the development of MESPO.conserved_lands.</srccontr>
			</srcinfo>
			<procstep>
				<procdesc>Dataset copied from the MEGIS.Mecnslnd original SDE digital layer that was created by Dick Kelly, State Planning Office.</procdesc>
				<procdate>October 2007</procdate>
				<proccont>
					<cntinfo>
						<cntorgp>
							<cntorg>Bureau of Parks and Lands</cntorg>
							<cntper>Gena Denis</cntper>
						</cntorgp>
						<cntpos>GIS Coordinator</cntpos>
						<cntaddr>
							<addrtype>mailing and physical address</addrtype>
							<address>
Department of Conservation
Bureau of Parks and Lands
18 Elkins Lane - Harlow Bldg
22 SHS
</address>
							<city>Augusta</city>
							<state>ME</state>
							<postal>04330</postal>
							<country>USA</country>
						</cntaddr>
						<cntvoice>(207) 287-4914</cntvoice>
						<cntemail>gena.denis@maine.gov</cntemail>
						<hours>8:00 AM - 4:30 PM</hours>
					</cntinfo>
				</proccont>
			</procstep>
			<procstep>
				<procdesc>MELURC.Conserved_lands102907 feature dataset was created with a poly feature MELURC.conserved_lands102907 from the original SDE MEGIS.mecnsland.</procdesc>
				<procdate>October 29, 2007</procdate>
				<proccont>
					<cntinfo>
						<cntorgp>
							<cntorg>Maine Land Use Regulation Commission</cntorg>
							<cntper>Ellen Jackson</cntper>
						</cntorgp>
						<cntpos>Programmer Analyst</cntpos>
						<cntaddr>
							<addrtype>mailing and physical address</addrtype>
							<address>
Department of Conservation
LURC
18 Elkins Lane - Harlow Bldg
22 SHS
</address>
							<city>Augusta</city>
							<state>ME</state>
							<postal>04330</postal>
							<country>USA</country>
						</cntaddr>
						<cntvoice>(207) 287-4943</cntvoice>
						<cntfax>(207) 287-7439</cntfax>
						<cntemail>ellen.jackson@maine.gov</cntemail>
						<hours>7:30 AM - 4:00 PM</hours>
					</cntinfo>
				</proccont>
			</procstep>
			<procstep>
				<procdesc>Bureau Parks and Lands data was created from hard copy acquisition history files.</procdesc>
				<procdate>Unknown</procdate>
				<proccont>
					<cntinfo>
						<cntorgp>
							<cntorg>Maine Bureau of Parks and Lands</cntorg>
							<cntper>Gena Denis</cntper>
						</cntorgp>
						<cntpos>GIS Coordinator</cntpos>
						<cntvoice>(207)</cntvoice>
					</cntinfo>
				</proccont>
			</procstep>
			<procstep>
				<procdesc>Copied digital information from http://www.fws.gov/northeast/gis/metadata.html for Maine federal lands for Aroostook NWR, Carlton Pond WPA, Cross Island NWR, Moosehorn NWR and Sunkhaze Meadows NWR.</procdesc>
				<procdate>November 2009</procdate>
				<proccont>
					<cntinfo>
						<cntorgp>
							<cntorg>Maine Land Use Regulation Commission</cntorg>
							<cntper>Ellen Jackson</cntper>
						</cntorgp>
						<cntpos>Programmer Analyst</cntpos>
						<cntaddr>
							<addrtype>mailing and physical address</addrtype>
							<address>
Department of Conservation
LURC
18 Elkins Lane - Harlow Bldg
22 SHS
</address>
							<city>Augusta</city>
							<state>ME</state>
							<postal>04330</postal>
							<country>USA</country>
						</cntaddr>
						<cntvoice>(207) 287-4943</cntvoice>
						<cntfax>(207) 287-7439</cntfax>
						<cntemail>ellen.jackson@maine.gov</cntemail>
						<hours>7:30 AM - 4:00 PM</hours>
					</cntinfo>
				</proccont>
			</procstep>
			<procstep>
				<procdesc>Copied digital information from US Fish and Wildlife for Maine federal lands for the Rachel Carson NWR.</procdesc>
				<procdate>November 2009</procdate>
				<proccont>
					<cntinfo>
						<cntorgp>
							<cntorg>Maine Land Use Regulation</cntorg>
							<cntper>Ellen Jackson</cntper>
						</cntorgp>
						<cntpos>Programmer Analyst</cntpos>
						<cntaddr>
							<addrtype>mailing and physical address</addrtype>
							<address>
Department of Conservation
LURC
18 Elkins Ln
22 SHS
</address>
							<city>Augusta</city>
							<state>ME</state>
							<postal>04330</postal>
							<country>USA</country>
						</cntaddr>
						<cntvoice>(207) 287-4943</cntvoice>
						<cnttdd>(888) 557-6690</cnttdd>
						<cntfax>(207) 287-7439</cntfax>
						<cntemail>ellen.jackson@maine.gov</cntemail>
						<hours>7:30AM-4:00PM</hours>
					</cntinfo>
				</proccont>
			</procstep>
			<procstep>
				<procdesc>Maine Inland Fisheries and Wildlife fee and easement properties created from hard copy acquisition files with a concentration in the southern region.</procdesc>
				<procdate>November 2009</procdate>
				<proccont>
					<cntinfo>
						<cntorgp>
							<cntorg>Maine Inland Fisheries and Wildlife</cntorg>
							<cntper>Ryan Robicheau</cntper>
						</cntorgp>
						<cntpos>Forest Technician</cntpos>
						<cntaddr>
							<addrtype>mailing address</addrtype>
							<address>270 Lyons Rd</address>
							<city>Sydney</city>
							<state>ME</state>
							<postal>04330</postal>
							<country>USA</country>
						</cntaddr>
						<cntvoice>(207) 547-5327</cntvoice>
						<cntemail>ryan.robicheau@maine.gov</cntemail>
						<cntinst>IF&amp;W Southern region</cntinst>
					</cntinfo>
				</proccont>
			</procstep>
			<procstep>
				<procdesc>Added Somerset Woods Trustee conserved lands fee data per town tax maps per William Reid.</procdesc>
				<procdate>November  2009</procdate>
				<proccont>
					<cntinfo>
						<cntorgp>
							<cntorg>Somerset Woods Trustees</cntorg>
							<cntper>William Reid</cntper>
						</cntorgp>
						<cntaddr>
							<addrtype>mailing address</addrtype>
							<address>26 Coburn Ave</address>
							<city>Skowhegan</city>
							<state>ME</state>
							<postal>04976</postal>
							<country>USA</country>
						</cntaddr>
					</cntinfo>
				</proccont>
			</procstep>
			<procstep>
				<procdesc>Land for Maine's Future properties, not state owned, were checked for accuracy using hard copy acquisition files.</procdesc>
				<procdate>November 2009</procdate>
				<proccont>
					<cntinfo>
						<cntperp>
							<cntper>Janet Parker</cntper>
							<cntorg>State Planning Office</cntorg>
						</cntperp>
						<cntpos>GIS Coordinator</cntpos>
						<cntaddr>
							<addrtype>mailing and physical address</addrtype>
							<address>
187 State Street
38 SHS
</address>
							<city>Augusta</city>
							<state>ME</state>
							<postal>04333</postal>
						</cntaddr>
						<cntvoice>207-287-9981</cntvoice>
						<cntemail>janet.parker@maine.gov</cntemail>
					</cntinfo>
				</proccont>
			</procstep>
			<procstep>
				<procdesc>The Nature Conservancy Fee lands were copied from digital personal geodatabase features provided by TNC in Brunswick, ME</procdesc>
				<procdate>Unknown</procdate>
				<proccont>
					<cntinfo>
						<cntorgp>
							<cntorg>The Nature Conservancy</cntorg>
							<cntper>Dan Coker</cntper>
						</cntorgp>
						<cntpos>GIS Analyst</cntpos>
						<cntaddr>
							<addrtype>mailing and physical address</addrtype>
							<address>
Fort Andross
14 Maine St
Suite 401
</address>
							<city>Brunswick</city>
							<state>ME</state>
							<postal>04011</postal>
							<country>USA</country>
						</cntaddr>
						<cntvoice>(207) 373-5256</cntvoice>
						<cntfax>(207) 729-4118</cntfax>
						<cntemail>dcoker@tnc.org</cntemail>
					</cntinfo>
				</proccont>
			</procstep>
			<procstep>
				<procdesc>Metadata imported.</procdesc>
				<srcused>U:\crypt83\metadata\fgdc\conserved_lands.xml</srcused>
				<procdate>20100224</procdate>
				<proctime>08582200</proctime>
			</procstep>
			<procstep>
				<procdesc>Dataset copied.</procdesc>
				<srcused>\\OIT-ISA1LTDKIRO\C$\temp\conservationlands.mdb</srcused>
				<procdate>20100524</procdate>
				<proctime>13162900</proctime>
			</procstep>
			<procstep>
				<procdesc>Metadata imported.</procdesc>
				<srcused>U:\crypt83\metadata\fgdc\conserved_lands.xml</srcused>
				<procdate>20101211</procdate>
				<proctime>15531800</proctime>
			</procstep>
		</lineage>
		<cloud>0</cloud>
	</dataqual>
	<spdoinfo>
		<direct>Vector</direct>
		<ptvctinf><esriterm Name="conserved_lands"><efeatyp Sync="TRUE">Simple</efeatyp><efeageom Sync="TRUE">4</efeageom><esritopo Sync="TRUE">FALSE</esritopo><efeacnt Sync="TRUE">5535</efeacnt><spindex Sync="TRUE">TRUE</spindex><linrefer Sync="TRUE">FALSE</linrefer></esriterm></ptvctinf></spdoinfo>
	<spref>
		<horizsys>
			<planar>
				<gridsys>
					<gridsysn>Universal Transverse Mercator</gridsysn>
					<utm>
						<utmzone>19</utmzone>
						<transmer>
							<sfctrmer>0.999600</sfctrmer>
							<longcm>-69.000000</longcm>
							<latprjo>0.000000</latprjo>
							<feast>500000.000000</feast>
							<fnorth>0.000000</fnorth>
						</transmer>
					</utm>
				</gridsys>
				<planci>
					<plance>coordinate pair</plance>
					<coordrep>
						<absres>0.000100</absres>
						<ordres>0.000100</ordres>
					</coordrep>
					<plandu>meters</plandu>
				</planci>
			</planar>
			<geodetic>
				<horizdn>North American Datum of 1983</horizdn>
				<ellips>Geodetic Reference System 80</ellips>
				<semiaxis>6378137</semiaxis>
				<denflat>298.257</denflat>
			</geodetic>
		</horizsys>
		<vertdef>
			<altsys>
				<altres>1.000000</altres>
				<altenc>Explicit elevation coordinate included with horizontal coordinates</altenc>
			</altsys>
		</vertdef>
	</spref>
	<eainfo>
		<detailed Name="conserved_lands">
			<enttyp>
				<enttypl>Conserved Lands</enttypl>
				<enttypd>SDE Feature Class</enttypd>
				<enttypds>Environmental Systems Research Institute, Inc. (ESRI), State Planning Office (SPO), Bureau of Parks and Lands (BP&amp;L)</enttypds>
				<enttypt Sync="TRUE">Feature Class</enttypt><enttypc Sync="TRUE">5535</enttypc></enttyp>
			<attr><attrlabl Sync="TRUE">FID</attrlabl><attalias Sync="TRUE">FID</attalias><attrtype Sync="TRUE">OID</attrtype><attwidth Sync="TRUE">4</attwidth><atprecis Sync="TRUE">0</atprecis><attscale Sync="TRUE">0</attscale><attrdef Sync="TRUE">Internal feature number.</attrdef><attrdefs Sync="TRUE">ESRI</attrdefs><attrdomv><udom Sync="TRUE">Sequential unique whole numbers that are automatically generated.</udom></attrdomv></attr><attr>
				<attrlabl>ACQ_DATE</attrlabl>
				<attrdef>Recorded deed date in MM/DD/YYYY format</attrdef>
				<attrdefs>BPL, IFW or SPO</attrdefs>
				<attalias Sync="TRUE">ACQ_DATE</attalias><attrtype Sync="TRUE">Date</attrtype><attwidth Sync="TRUE">8</attwidth><atprecis Sync="TRUE">0</atprecis><attscale Sync="TRUE">0</attscale></attr>
			<attr><attrlabl Sync="TRUE">SHAPE_AREA</attrlabl><attalias Sync="TRUE">SHAPE_AREA</attalias><attrtype Sync="TRUE">Double</attrtype><attwidth Sync="TRUE">19</attwidth><atprecis Sync="TRUE">0</atprecis><attscale Sync="TRUE">0</attscale><attrdef Sync="TRUE">Area of feature in internal units squared.</attrdef><attrdefs Sync="TRUE">ESRI</attrdefs><attrdomv><udom Sync="TRUE">Positive real numbers that are automatically generated.</udom></attrdomv></attr><attr><attrlabl Sync="TRUE">SHAPE_LEN</attrlabl><attalias Sync="TRUE">SHAPE_LEN</attalias><attrtype Sync="TRUE">Double</attrtype><attwidth Sync="TRUE">19</attwidth><atprecis Sync="TRUE">0</atprecis><attscale Sync="TRUE">0</attscale></attr><attr>
				<attrlabl>ACQ_YEAR</attrlabl>
				<attrdef>Calendar year parcel was acquired</attrdef>
				<attrdefs>BPL, IFW or SPO</attrdefs>
				<attalias Sync="TRUE">ACQ_YEAR</attalias><attrtype Sync="TRUE">String</attrtype><attwidth Sync="TRUE">4</attwidth><atprecis Sync="TRUE">0</atprecis><attscale Sync="TRUE">0</attscale></attr>
			<attr><attrlabl Sync="TRUE">PARCEL_NAM</attrlabl><attalias Sync="TRUE">PARCEL_NAM</attalias><attrtype Sync="TRUE">String</attrtype><attwidth Sync="TRUE">60</attwidth><atprecis Sync="TRUE">0</atprecis><attscale Sync="TRUE">0</attscale></attr><attr><attrlabl Sync="TRUE">DESIGNATIO</attrlabl><attalias Sync="TRUE">DESIGNATIO</attalias><attrtype Sync="TRUE">String</attrtype><attwidth Sync="TRUE">254</attwidth><atprecis Sync="TRUE">0</atprecis><attscale Sync="TRUE">0</attscale></attr><attr><attrlabl Sync="TRUE">dDESIGNATI</attrlabl><attalias Sync="TRUE">dDESIGNATI</attalias><attrtype Sync="TRUE">String</attrtype><attwidth Sync="TRUE">254</attwidth><atprecis Sync="TRUE">0</atprecis><attscale Sync="TRUE">0</attscale></attr><attr>
				<attrlabl>CONS1_TYPE</attrlabl>
				<attalias Sync="TRUE">CONS1_TYPE</attalias><attrtype Sync="TRUE">String</attrtype><attwidth Sync="TRUE">254</attwidth><atprecis Sync="TRUE">0</atprecis><attscale Sync="TRUE">0</attscale></attr>
			<attr><attrlabl Sync="TRUE">dCONS1_TYP</attrlabl><attalias Sync="TRUE">dCONS1_TYP</attalias><attrtype Sync="TRUE">String</attrtype><attwidth Sync="TRUE">254</attwidth><atprecis Sync="TRUE">0</atprecis><attscale Sync="TRUE">0</attscale></attr><attr>
				<attrlabl>BPL_ID</attrlabl>
				<attrdef>Database link to Bureau of Parks and Lands</attrdef>
				<attrdefs>BPL</attrdefs>
				<attalias Sync="TRUE">BPL_ID</attalias><attrtype Sync="TRUE">String</attrtype><attwidth Sync="TRUE">30</attwidth><atprecis Sync="TRUE">0</atprecis><attscale Sync="TRUE">0</attscale></attr>
			<attr><attrlabl Sync="TRUE">dHOLD1_NAM</attrlabl><attalias Sync="TRUE">dHOLD1_NAM</attalias><attrtype Sync="TRUE">String</attrtype><attwidth Sync="TRUE">254</attwidth><atprecis Sync="TRUE">0</atprecis><attscale Sync="TRUE">0</attscale></attr><attr>
				<attrlabl>CALC_AC</attrlabl>
				<attrdef>GIS calculated acreage in English standards</attrdef>
				<attrdefs>BPL, IFW or SPO</attrdefs>
				<attalias Sync="TRUE">CALC_AC</attalias><attrtype Sync="TRUE">Double</attrtype><attwidth Sync="TRUE">19</attwidth><atprecis Sync="TRUE">18</atprecis><attscale Sync="TRUE">8</attscale></attr>
			<attr><attrlabl Sync="TRUE">dHOLD1_TYP</attrlabl><attalias Sync="TRUE">dHOLD1_TYP</attalias><attrtype Sync="TRUE">String</attrtype><attwidth Sync="TRUE">254</attwidth><atprecis Sync="TRUE">0</atprecis><attscale Sync="TRUE">0</attscale></attr><attr>
				<attrlabl>CONS2_TYPE</attrlabl>
				<attalias Sync="TRUE">CONS2_TYPE</attalias><attrtype Sync="TRUE">String</attrtype><attwidth Sync="TRUE">254</attwidth><atprecis Sync="TRUE">0</atprecis><attscale Sync="TRUE">0</attscale></attr>
			<attr><attrlabl Sync="TRUE">dCONS2_TYP</attrlabl><attalias Sync="TRUE">dCONS2_TYP</attalias><attrtype Sync="TRUE">String</attrtype><attwidth Sync="TRUE">254</attwidth><atprecis Sync="TRUE">0</atprecis><attscale Sync="TRUE">0</attscale></attr><attr>
				<attrlabl>DEPT_ID</attrlabl>
				<attrdef>ID from external departmental databases for linking</attrdef>
				<attrdefs>BPL, IFW or SPO</attrdefs>
				<attalias Sync="TRUE">DEPT_ID</attalias><attrtype Sync="TRUE">String</attrtype><attwidth Sync="TRUE">30</attwidth><atprecis Sync="TRUE">0</atprecis><attscale Sync="TRUE">0</attscale></attr>
			<attr><attrlabl Sync="TRUE">dHOLD2_NAM</attrlabl><attalias Sync="TRUE">dHOLD2_NAM</attalias><attrtype Sync="TRUE">String</attrtype><attwidth Sync="TRUE">254</attwidth><atprecis Sync="TRUE">0</atprecis><attscale Sync="TRUE">0</attscale></attr><attr>
				<attrlabl>EDITOR</attrlabl>
				<attrdef>Name of person adding or editing data</attrdef>
				<attrdefs>BPL, IFW or SPO</attrdefs>
				<attalias Sync="TRUE">EDITOR</attalias><attrtype Sync="TRUE">String</attrtype><attwidth Sync="TRUE">254</attwidth><atprecis Sync="TRUE">0</atprecis><attscale Sync="TRUE">0</attscale></attr>
			<attr><attrlabl Sync="TRUE">dHOLD2_TYP</attrlabl><attalias Sync="TRUE">dHOLD2_TYP</attalias><attrtype Sync="TRUE">String</attrtype><attwidth Sync="TRUE">254</attwidth><atprecis Sync="TRUE">0</atprecis><attscale Sync="TRUE">0</attscale></attr><attr><attrlabl Sync="TRUE">ECO_RESERV</attrlabl><attalias Sync="TRUE">ECO_RESERV</attalias><attrtype Sync="TRUE">String</attrtype><attwidth Sync="TRUE">254</attwidth><atprecis Sync="TRUE">0</atprecis><attscale Sync="TRUE">0</attscale></attr><attr><attrlabl Sync="TRUE">dECO_RESER</attrlabl><attalias Sync="TRUE">dECO_RESER</attalias><attrtype Sync="TRUE">String</attrtype><attwidth Sync="TRUE">254</attwidth><atprecis Sync="TRUE">0</atprecis><attscale Sync="TRUE">0</attscale></attr><attr>
				<attrlabl>FMPROCSS</attrlabl>
				<attrdef>Item refers to a process or action which is explanatory of quality or accuracy of a feature; can  be used for cross reference in the Process Description or Source Produced Citation Abbreviation elements, part of the Data Quality/Process Step and Source Information sections of FGDC metadata.</attrdef>
				<attrdefs>Maine GIS Technical Group, Feature Metadata subcommittee, for standardized code tables, definitions, and additional information see: http://megis.maine.gov/standards/flmeta/fmbrief.htm .</attrdefs>
				<attalias Sync="TRUE">FMPROCSS</attalias><attrtype Sync="TRUE">String</attrtype><attwidth Sync="TRUE">254</attwidth><atprecis Sync="TRUE">0</atprecis><attscale Sync="TRUE">0</attscale></attr>
			<attr>
				<attrlabl>FMUPDDAT</attrlabl>
				<attrdef>refers to the date of update on the location of a feature; can be used as cross reference to Process Date, part of the Data Quality/Process Step sections of FGDC metadata</attrdef>
				<attrdefs>Maine GIS Technical Group, Feature Metadata subcommittee, for standardized code tables, definitions, and additional information see: http://megis.maine.gov/standards/flmeta/fmbrief.htm .</attrdefs>
				<attalias Sync="TRUE">FMUPDDAT</attalias><attrtype Sync="TRUE">Date</attrtype><attwidth Sync="TRUE">8</attwidth><atprecis Sync="TRUE">0</atprecis><attscale Sync="TRUE">0</attscale></attr>
			<attr>
				<attrlabl>HOLD1_NAME</attrlabl>
				<attrdef>Primary owner or easement holder</attrdef>
				<attrdefs>BPL, IFW or SPO</attrdefs>
				<attrdomv>
					<codesetd>
						<codesetn>FMSRCORG_CL</codesetn>
						<codesets>BPL, IFW or SPO</codesets>
					</codesetd>
				</attrdomv>
				<attalias Sync="TRUE">HOLD1_NAME</attalias><attrtype Sync="TRUE">String</attrtype><attwidth Sync="TRUE">254</attwidth><atprecis Sync="TRUE">0</atprecis><attscale Sync="TRUE">0</attscale></attr>
			<attr>
				<attrlabl>RPT_AC</attrlabl>
				<attalias Sync="TRUE">RPT_AC</attalias><attrtype Sync="TRUE">Double</attrtype><attwidth Sync="TRUE">19</attwidth><atprecis Sync="TRUE">18</atprecis><attscale Sync="TRUE">8</attscale></attr>
			<attr><attrlabl Sync="TRUE">dPUB_ACCES</attrlabl><attalias Sync="TRUE">dPUB_ACCES</attalias><attrtype Sync="TRUE">String</attrtype><attwidth Sync="TRUE">254</attwidth><atprecis Sync="TRUE">0</atprecis><attscale Sync="TRUE">0</attscale></attr><attr>
				<attrlabl>HOLD1_TYPE</attrlabl>
				<attrdef>Category of primary protector (State, Federal, etc)</attrdef>
				<attrdefs>BPL, IFW or SPO</attrdefs>
				<attrdomv>
					<codesetd>
						<codesetn>OWNHLDTYPE</codesetn>
						<codesets>BPL, IFW or SPO</codesets>
					</codesetd>
				</attrdomv>
				<attalias Sync="TRUE">HOLD1_TYPE</attalias><attrtype Sync="TRUE">String</attrtype><attwidth Sync="TRUE">254</attwidth><atprecis Sync="TRUE">0</atprecis><attscale Sync="TRUE">0</attscale></attr>
			<attr><attrlabl Sync="TRUE">dPURPOSE1</attrlabl><attalias Sync="TRUE">dPURPOSE1</attalias><attrtype Sync="TRUE">String</attrtype><attwidth Sync="TRUE">254</attwidth><atprecis Sync="TRUE">0</atprecis><attscale Sync="TRUE">0</attscale></attr><attr>
				<attrlabl>HOLD2_NAME</attrlabl>
				<attrdef>Secondary owner or easement holder</attrdef>
				<attrdefs>BPL, IFW or SPO</attrdefs>
				<attalias Sync="TRUE">HOLD2_NAME</attalias><attrtype Sync="TRUE">String</attrtype><attwidth Sync="TRUE">254</attwidth><atprecis Sync="TRUE">0</atprecis><attscale Sync="TRUE">0</attscale></attr>
			<attr><attrlabl Sync="TRUE">dPURPOSE2</attrlabl><attalias Sync="TRUE">dPURPOSE2</attalias><attrtype Sync="TRUE">String</attrtype><attwidth Sync="TRUE">254</attwidth><atprecis Sync="TRUE">0</atprecis><attscale Sync="TRUE">0</attscale></attr><attr>
				<attrlabl>HOLD2_TYPE</attrlabl>
				<attrdef>Category of secondary protector</attrdef>
				<attrdefs>BPL, IFW or SPO</attrdefs>
				<attalias Sync="TRUE">HOLD2_TYPE</attalias><attrtype Sync="TRUE">String</attrtype><attwidth Sync="TRUE">254</attwidth><atprecis Sync="TRUE">0</atprecis><attscale Sync="TRUE">0</attscale></attr>
			<attr><attrlabl Sync="TRUE">dEDITOR</attrlabl><attalias Sync="TRUE">dEDITOR</attalias><attrtype Sync="TRUE">String</attrtype><attwidth Sync="TRUE">254</attwidth><atprecis Sync="TRUE">0</atprecis><attscale Sync="TRUE">0</attscale></attr><attr>
				<attrlabl>IFW_ID</attrlabl>
				<attrdef>Database link to Inland Fisheries and Wildlife</attrdef>
				<attrdefs>IFW</attrdefs>
				<attalias Sync="TRUE">IFW_ID</attalias><attrtype Sync="TRUE">String</attrtype><attwidth Sync="TRUE">20</attwidth><atprecis Sync="TRUE">0</atprecis><attscale Sync="TRUE">0</attscale></attr>
			<attr>
				<attrlabl>PROJECT</attrlabl>
				<attrdef>Project Name, used to group parcels</attrdef>
				<attrdefs>BPL, IFW or SPO</attrdefs>
				<attalias Sync="TRUE">PROJECT</attalias><attrtype Sync="TRUE">String</attrtype><attwidth Sync="TRUE">60</attwidth><atprecis Sync="TRUE">0</atprecis><attscale Sync="TRUE">0</attscale></attr>
			<attr>
				<attrlabl>LMF_ID</attrlabl>
				<attalias Sync="TRUE">LMF_ID</attalias><attrtype Sync="TRUE">String</attrtype><attwidth Sync="TRUE">30</attwidth><atprecis Sync="TRUE">0</atprecis><attscale Sync="TRUE">0</attscale></attr>
			<attr>
				<attrlabl>NOTE_</attrlabl>
				<attalias Sync="TRUE">NOTE_</attalias><attrtype Sync="TRUE">String</attrtype><attwidth Sync="TRUE">254</attwidth><atprecis Sync="TRUE">0</atprecis><attscale Sync="TRUE">0</attscale></attr>
			<attr>
				<attrlabl>PUB_ACCESS</attrlabl>
				<attrdef>Public access for parcel</attrdef>
				<attrdefs>BPL, IFW or SPO</attrdefs>
				<attalias Sync="TRUE">PUB_ACCESS</attalias><attrtype Sync="TRUE">String</attrtype><attwidth Sync="TRUE">254</attwidth><atprecis Sync="TRUE">0</atprecis><attscale Sync="TRUE">0</attscale></attr>
			<attr><attrlabl Sync="TRUE">dFMPROCSS</attrlabl><attalias Sync="TRUE">dFMPROCSS</attalias><attrtype Sync="TRUE">String</attrtype><attwidth Sync="TRUE">254</attwidth><atprecis Sync="TRUE">0</atprecis><attscale Sync="TRUE">0</attscale></attr><attr>
				<attrlabl>PURPOSE1</attrlabl>
				<attrdef>Primary conservation purpose</attrdef>
				<attrdefs>BPL, IFW or SPO</attrdefs>
				<attrdomv>
					<codesetd>
						<codesetn>PURPOSE</codesetn>
						<codesets>BPL, IFW or SPO</codesets>
					</codesetd>
				</attrdomv>
				<attalias Sync="TRUE">PURPOSE1</attalias><attrtype Sync="TRUE">String</attrtype><attwidth Sync="TRUE">254</attwidth><atprecis Sync="TRUE">0</atprecis><attscale Sync="TRUE">0</attscale></attr>
			<attr>
				<attrlabl>PURPOSE2</attrlabl>
				<attrdef>Secondary conservation purpose</attrdef>
				<attrdefs>BPL, IFW or SPO</attrdefs>
				<attrdomv>
					<codesetd>
						<codesetn>PURPOSE</codesetn>
						<codesets>BPL, IFW or SPO</codesets>
					</codesetd>
				</attrdomv>
				<attalias Sync="TRUE">PURPOSE2</attalias><attrtype Sync="TRUE">String</attrtype><attwidth Sync="TRUE">254</attwidth><atprecis Sync="TRUE">0</atprecis><attscale Sync="TRUE">0</attscale></attr>
			<attr>
				<attrlabl>REVIEW</attrlabl>
				<attrdef>Field to designate review of polygon</attrdef>
				<attrdefs>LURC</attrdefs>
				<attrmfrq>As needed</attrmfrq>
				<attalias Sync="TRUE">REVIEW</attalias><attrtype Sync="TRUE">String</attrtype><attwidth Sync="TRUE">3</attwidth><atprecis Sync="TRUE">0</atprecis><attscale Sync="TRUE">0</attscale></attr>
			<attr>
				<attrlabl>SHAPE</attrlabl>
				<attrdef>Feature geometry.</attrdef>
				<attrdefs>ESRI</attrdefs>
				<attrdomv>
					<udom>Coordinates defining the features.</udom>
				</attrdomv>
				<attalias Sync="TRUE">Shape</attalias><attrtype Sync="TRUE">Geometry</attrtype><attwidth Sync="TRUE">0</attwidth><atprecis Sync="TRUE">0</atprecis><attscale Sync="TRUE">0</attscale></attr>
		</detailed>
		<overview>
			<eaover>Conserved lands contains conservation lands ownership  boundaries and is described by these attributes: OBJECTID, RPT_ACRES, PUB_ACCESS, CONS_TYPE1, HOLD1_NAME, HOLD1_TYPE, CONS_TYP2, HOLD2_NAME, HOLD2_TYPE, DESGNATION, ACQ_YEAR, ACQ_DATE, PURPOSE1, PURPOSE2, EDITOR, PROJECT, PARCELNAME, DEPT_ID, LMF_ID, CALC_AC, NOTE, ECO_RESERVE,SHAPE, SHAPE.AREA, SHAPE.LEN</eaover>
		</overview>
	</eainfo>
	<distinfo>
		<distrib>
			<cntinfo>
				<cntorgp>
					<cntorg>(MEGIS) Maine Office of Geographic Information Systems</cntorg>
					<cntper>GIS Coordinator</cntper>
				</cntorgp>
				<cntpos>GIS Coordinator</cntpos>
				<cntaddr>
					<addrtype>mailing address</addrtype>
					<address>State House Station 174</address>
					<city>Augusta</city>
					<state>ME</state>
					<postal>04333-0174</postal>
					<country>USA</country>
				</cntaddr>
				<cntvoice>207 624-7700</cntvoice>
				<cntfax>207 287-3842</cntfax>
				<hours>Monday through Friday 0800 - 1700 EST</hours>
			</cntinfo>
		</distrib>
		<resdesc>http://megis.maine.gov/catalog/</resdesc>
		<distliab>Users must assume responsibility to determine the usability of this data for their purposes. Although these data have been processed successfully on a computer system at the Maine Office of Geographic Information Systems, no warranty expressed or implied is made by MEGIS regarding the utility of the data on any other system, nor shall the act of distribution constitute any such warranty. Neither the Maine Office of Geographic Information Systems, nor any of its contributors, is liable for misuse of the data, for damage, for transmission of viruses, or for computer contamination through the distribution of these data sets.</distliab>
		<stdorder>
			<digform>
				<digtinfo>
					<formname>ESRI Shapefile</formname>
					<formvern>ARC Version 9.x</formvern>
					<formspec>ArcView Shapefile Format</formspec>
					<formcont>MEGIS has made all vector layers, in the Maine GIS Internet Data Catalog, available in ESRI's ArcView shapefile format. A shapefile is a simple non-topological format that stores the geometry and attribute information for a set of geographic features as a set of vector (point, line, polygon) coordinates. Shapefiles draw quickly and directly in ArcView, ArcGIS, ArcExplorer. Shapefiles are a compatible data type for many other types of GIS software. Three files are fundamental to each shapefile: .shp stores the feature geometry (shape and location information); .shx stores the index of the feature geometry; .dbf a dBASE (TM) file stores the attribute information for the features. Other index files may be created to help speed analysis and query: these file formats are .sbn  .sbx  .ain .aix .fbn and .fbx. In addition you may find projection .prj, and metadata .xml, files associated with shapefiles.</formcont>
					<filedec>Data available from this website is in .zip compressed format. WinZip is a Windows based, PKZip-compatible compression utility. You will need a program like this to extract the data.</filedec>
				</digtinfo>
				<digtopt>
					<onlinopt>
						<accinstr>
These data are available to Internet browsers for download from the Maine GIS Internet Data Catalog - http://megis.maine.gov/catalog/

Data available from this website is in .zip compressed format. WinZip is a Windows based, PKZip-compatible compression utility. You will need a program like this to extract the data. A link to a trial copy WinZip software is available at http://megis.maine.gov/links/

If you are not already a GIS user, free software for viewing these files is available from Environmental Systems Research Institute, Inc. (ESRI) - www.esri.com

See http://megis.maine.gov/links/ for a link to ArcExplorer 9.x .
</accinstr>
					</onlinopt>
				</digtopt>
			</digform>
			<fees>Data may be downloaded from Maine GIS Internet Data Catalog at no charge.</fees>
			<turnarnd>Data is available for immediate download from the Maine GIS Internet Data Catalog.</turnarnd>
		</stdorder>
		<techpreq>
If you are not already a GIS user, free software for viewing these files is available from Environmental Systems Research Institute, Inc. (ESRI)  http://www.esri.com/

You may also see http://megis.maine.gov/links/ for a link to ArcExplorer 9.x
</techpreq>
		<availabl>
			<timeinfo>
				<rngdates>
					<begdate>unknown</begdate>
					<begtime>unknown</begtime>
					<enddate>unknown</enddate>
					<endtime>unknown</endtime>
				</rngdates>
			</timeinfo>
		</availabl>
	</distinfo>
	<distinfo>
		<distrib>
			<cntinfo>
				<cntorgp>
					<cntorg>Maine Office of Geographic Information Systems</cntorg>
				</cntorgp>
				<cntpos>GIS Coordinator</cntpos>
				<cntaddr>
					<addrtype>mailing address</addrtype>
					<address>State House Station 174</address>
					<city>Augusta</city>
					<state>ME</state>
					<postal>04333-0174</postal>
					<country>USA</country>
				</cntaddr>
				<cntvoice>(207) 624-7700</cntvoice>
				<cntfax>(207) 287-3842</cntfax>
				<hours>Monday through Friday 0800 - 1700 EST</hours>
			</cntinfo>
		</distrib>
		<distliab>Users must assume responsibility to determine the usability of this data for their purposes.</distliab>
		<stdorder>
			<digform>
				<digtinfo>
					<formname>ARCSDE</formname>
					<formvern>ArcSDE 9.x</formvern>
					<formcont>Oracle 9i</formcont>
				</digtinfo>
				<digtopt>
					<onlinopt>
						<accinstr>Please contact the Maine Office of GIS (MEGIS) for access instructions.</accinstr>
					</onlinopt>
				</digtopt>
			</digform>
			<fees>Access is available through Maine's wide area network;  WAN users may contact the Maine Office of Information Technology, Maine Office of Geographic Information Systems (MEGIS) for a login.</fees>
		</stdorder>
	</distinfo>
	<metainfo>
		<metd>20091110</metd>
		<metrd>20100429</metrd>
		<metc>
			<cntinfo>
				<cntperp>
					<cntper>Gena Denis</cntper>
					<cntorg>Bureau of Parks and Lands</cntorg>
				</cntperp>
				<cntpos>GIS Coordinator</cntpos>
				<cntaddr>
					<addrtype>mailing and physical address</addrtype>
					<address>
Department of Conservation
Parks and Lands
18 Elkins Lane - Harlow Bldg
22 SHS
</address>
					<city>Augusta</city>
					<state>ME</state>
					<postal>04330</postal>
					<country>USA</country>
				</cntaddr>
				<cntvoice>(207) 287-4914</cntvoice>
				<cntemail>gena.denis@maine.gov</cntemail>
				<hours>8:00 AM - 4:30 PM</hours>
			</cntinfo>
		</metc>
		<metstdn>FGDC Content Standards for Digital Geospatial Metadata</metstdn>
		<metstdv>FGDC-STD-001-1998</metstdv>
		<mettc>local time</mettc>
		<metac>None</metac>
		<metuc>None</metuc>
		<metsi>
			<metsc>Unclassified</metsc>
		</metsi>
		<metextns>
			<onlink>http://www.esri.com/metadata/esriprof80.html</onlink>
			<metprof>ESRI Metadata Profile</metprof>
		</metextns>
	</metainfo>
	<dataIdInfo><envirDesc Sync="TRUE">Microsoft Windows Server 2008 R2 Version 6.1 (Build 7601) Service Pack 1; ESRI ArcGIS 10.0.2.3200</envirDesc><dataLang><languageCode value="eng" country="USA"></languageCode></dataLang><idCitation><resTitle Sync="TRUE">conserved_lands</resTitle><presForm><PresFormCd value="005"></PresFormCd></presForm></idCitation><descKeys><thesaName uuidref="723f6998-058e-11dc-8314-0800200c9a66"></thesaName><keyword Sync="TRUE">002</keyword></descKeys><spatRpType><SpatRepTypCd value="001"></SpatRepTypCd></spatRpType></dataIdInfo><mdLang><languageCode value="eng"></languageCode></mdLang><mdChar><CharSetCd value="006"></CharSetCd></mdChar><Esri><DataProperties><itemProps><itemName Sync="TRUE">conserved_lands</itemName><imsContentType Sync="TRUE">002</imsContentType><nativeExtBox><westBL Sync="TRUE">1944172.721406</westBL><eastBL Sync="TRUE">2258670.869090</eastBL><southBL Sync="TRUE">889596.634916</southBL><northBL Sync="TRUE">1403467.670614</northBL><exTypeCode Sync="TRUE">1</exTypeCode></nativeExtBox><itemSize Sync="TRUE">11.947</itemSize><itemLocation><linkage Sync="TRUE">file://\\IMAC-020179\D$\mgimond\proj\conserved_lands.shp</linkage><protocol Sync="TRUE">Local Area Network</protocol></itemLocation></itemProps><lineage><Process ToolSource="c:\program files\arcgis\pro\Resources\ArcToolbox\toolboxes\Data Management Tools.tbx\DefineProjection" Date="20200117" Time="164414">DefineProjection conserved_lands PROJCS['USA_Contiguous_Albers_Equal_Area_Conic',GEOGCS['GCS_North_American_1983',DATUM['D_North_American_1983',SPHEROID['GRS_1980',6378137.0,298.257222101]],PRIMEM['Greenwich',0.0],UNIT['Degree',0.0174532925199433]],PROJECTION['Albers'],PARAMETER['False_Easting',0.0],PARAMETER['False_Northing',0.0],PARAMETER['Central_Meridian',-96.0],PARAMETER['Standard_Parallel_1',29.5],PARAMETER['Standard_Parallel_2',45.5],PARAMETER['Latitude_Of_Origin',37.5],UNIT['Meter',1.0]]</Process></lineage></DataProperties><SyncDate>20111220</SyncDate><SyncTime>10394100</SyncTime><ModDate>20111220</ModDate><ModTime>10394100</ModTime></Esri><distInfo><distFormat><formatName Sync="TRUE">Shapefile</formatName></distFormat><distTranOps><transSize Sync="TRUE">11.947</transSize></distTranOps></distInfo><mdHrLv><ScopeCd value="005"></ScopeCd></mdHrLv><mdHrLvName Sync="TRUE">dataset</mdHrLvName><spatRepInfo><VectSpatRep><topLvl><TopoLevCd value="001"></TopoLevCd></topLvl><geometObjs><geoObjTyp><GeoObjTypCd value="002"></GeoObjTypCd><geoObjCnt Sync="TRUE">5535</geoObjCnt></geoObjTyp></geometObjs></VectSpatRep></spatRepInfo><mdDateSt Sync="TRUE">20111220</mdDateSt></metadata>
